species,id,status
acalypha_neptunica,144315188,Least Concern
acalypha_ornata,146222303,Least Concern
acridocarpus_macrocalyx,,
acridocarpus_plagiopterus,154152205,Least Concern
adansonia_digitata,,
adenium_obesum,33687,Least Concern
adenium_obesum,62541,Least Concern
adenocarpus_mannii,144263925,Least Concern
adenorandia_kalbreyeri,,
aeglopsis_chevalieri,154152408,Near Threatened
aeschynomene_elaphroxylon,97043787,Least Concern
afraegle_paniculata,,
afrocarpus_mannii,32770,Vulnerable
afrolicania_elaeosperma,204677883,Least Concern
afrostyrax_kamerunensis,116858214,Least Concern
afrostyrax_lepidophyllus,32192,Least Concern
afzelia_bella,60757654,Least Concern
afzelia_bipindensis,33033,Vulnerable
afzelia_pachyloba,33034,Vulnerable
aganope_impressa,,
aganope_leucobotrya,144290743,Least Concern
aganope_stuhlmannii,147040135,Least Concern
agarista_salicifolia,68150229,Least Concern
aidia_genipiflora,136113832,Least Concern
aidia_micrantha,153945337,Least Concern
aidia_ochroleuca,143710430,Least Concern
aidia_rhacodosepala,,
aidia_rubens,,
airyantha_schweinfurthii,144315734,Least Concern
albizia_adianthifolia,19892474,Least Concern
albizia_altissima,144268534,Least Concern
albizia_coriaria,144306732,Least Concern
albizia_dinklagei,208168656,Least Concern
albizia_ferruginea,33035,Near Threatened
albizia_glaberrima,144276798,Least Concern
albizia_gummifera,60757802,Least Concern
albizia_malacophylla,35813,Vulnerable
albizia_zygia,60758247,Least Concern
alchornea_cordifolia,144311802,Least Concern
alchornea_floribunda,144268383,Least Concern
alchornea_hirtella,146448511,Least Concern
alchornea_laxiflora,146453929,Least Concern
allanblackia_floribunda,68044590,Least Concern
allanblackia_gabonensis,45460,Vulnerable
allexis_cauliflora,32204,Vulnerable
allophylus_africanus,146217756,Least Concern
allophylus_bullatus,46176,Vulnerable
allophylus_ferrugineus,153941153,Least Concern
allophylus_grandifolius,174426653,Least Concern
allophylus_hamatus,,
allophylus_hirtellus,,
allophylus_megaphyllus,,
allophylus_talbotii,,
alsodeiopsis_poggei,,
alsodeiopsis_staudtii,,
alsodeiopsis_zenkeri,,
alstonia_boonei,60760752,Least Concern
alstonia_congensis,60760828,Least Concern
amanoa_bracteosa,34644,Least Concern
amanoa_strobilacea,34645,Vulnerable
amblygonocarpus_andongensis,60761204,Least Concern
amphimas_ferrugineus,60761269,Least Concern
amphimas_pterocarpoides,60761332,Least Concern
ancistrocarpus_densispinosus,148938922,Least Concern
androsiphonia_adenostegia,136112671,Least Concern
aneulophus_africanus,204678834,Least Concern
angylocalyx_oligophyllus,144264153,Least Concern
angylocalyx_pynaertii,144248240,Least Concern
angylocalyx_talbotii,45881,Least Concern
anisophyllea_laurina,173337251,Least Concern
anisophyllea_meniaudii,204805185,Least Concern
anisophyllea_myriosticta,204805283,Least Concern
anisophyllea_polyneura,204818239,Least Concern
anisophyllea_purpurascens,170123770,Least Concern
anisophyllea_sororia,204811250,Least Concern
annea_afzelii,,
annea_laxiflora,,
annickia_affinis,132512369,Least Concern
annickia_ambigua,132512525,Least Concern
annickia_chlorantha,60762300,Least Concern
annickia_pilosa,132513395,Least Concern
annickia_polycarpa,132513477,Least Concern
annona_glabra,142424510,Least Concern
annona_senegalensis,136996621,Least Concern
anogeissus_leiocarpa,,
anonidium_mannii,61205379,Least Concern
anopyxis_klaineana,33036,Vulnerable
anthocleista_djalonensis,156093304,Least Concern
anthocleista_liebrechtsiana,204805351,Least Concern
anthocleista_nobilis,136110991,Least Concern
anthocleista_obanensis,,
anthocleista_procera,154152618,Least Concern
anthocleista_scandens,45886,Vulnerable
anthocleista_schweinfurthii,153943091,Least Concern
anthocleista_vogelii,153936170,Least Concern
anthonotha_acuminata,173467555,Least Concern
anthonotha_brieyi,173467770,Least Concern
anthonotha_cladantha,,
anthonotha_crassifolia,144277466,Least Concern
anthonotha_ferruginea,19892135,Least Concern
anthonotha_fragrans,144295945,Least Concern
anthonotha_gilletii,137522758,Least Concern
anthonotha_lamprophylla,173468077,Least Concern
anthonotha_macrophylla,144276227,Least Concern
anthonotha_pynaertii,144249874,Least Concern
anthonotha_trunciflora,173468983,Least Concern
anthostema_aubryanum,143723112,Least Concern
anthostema_senegalense,144303148,Least Concern
antiaris_toxicaria,61210500,Least Concern
antidesma_laciniatum,156093345,Least Concern
antidesma_membranaceum,153942864,Least Concern
antidesma_rufescens,,
antidesma_venosum,146217455,Least Concern
antidesma_vogelianum,,
antrocaryon_klaineanum,61210559,Least Concern
antrocaryon_micraster,33037,Vulnerable
antrocaryon_nannanii,137401941,Least Concern
aoranthe_cladantha,143722675,Least Concern
aoranthe_nalaensis,,
aphanocalyx_cynometroides,144288882,Least Concern
aphanocalyx_djumaensis,200535631,Least Concern
aphanocalyx_heitzii,,
aphanocalyx_ledermannii,,
aphanocalyx_margininervatus,144258645,Least Concern
aphanocalyx_microphyllus,144309408,Least Concern
aporrhiza_paniculata,,
aporrhiza_talbotii,,
aporrhiza_urophylla,,
aptandra_zenkeri,143724273,Least Concern
ardisia_staudtii,,
argocoffeopsis_eketensis,108695423,Least Concern
argomuellera_macrophylla,144291572,Least Concern
aubletiana_macrostachys,37496,Least Concern
aubregrinia_taiensis,32193,Critically Endangered
aucoumea_klaineana,33213,Vulnerable
aulacocalyx_caudata,170063866,Least Concern
aulacocalyx_jasminiflora,137990686,Least Concern
aulacocalyx_jasminiflora,137995403,Critically Endangered
aulacocalyx_talbotii,,
autranella_congolensis,33038,Endangered
avicennia_germinans,178811,Least Concern
baikiaea_insignis,61531890,Least Concern
baikiaea_robynsii,204799834,Least Concern
baillonella_toxisperma,33039,Vulnerable
balanites_wilsoniana,145398074,Least Concern
baphia_acuminata,,
baphia_buettneri,19891473,Least Concern
baphia_dewevrei,,
baphia_laurentii,,
baphia_laurifolia,144281173,Least Concern
baphia_leptobotrys,202750,Least Concern
baphia_leptostemma,37547,Vulnerable
baphia_leptostemma,37548,Vulnerable
baphia_leptostemma,62481,Least Concern
baphia_maxima,144255924,Least Concern
baphia_nitida,19891986,Least Concern
baphia_pubescens,144292055,Least Concern
baphiopsis_parviflora,144298959,Least Concern
barteria_dewevrei,,
barteria_fistulosa,147043417,Least Concern
barteria_nigritana,143717501,Least Concern
barteria_solida,204713287,Least Concern
beilschmiedia_congolana,144143573,Endangered
beilschmiedia_fulva,144239683,Least Concern
beilschmiedia_gaboonensis,144240400,Least Concern
beilschmiedia_mannii,62020015,Least Concern
beilschmiedia_minutiflora,145283349,Least Concern
beilschmiedia_pierreana,145288778,Least Concern
beilschmiedia_zenkeri,145296164,Least Concern
belonophora_coffeoides,174411550,Least Concern
belonophora_coriacea,,
belonophora_wernhamii,,
berlinia_auriculata,62021066,Least Concern
berlinia_bracteosa,62021075,Least Concern
berlinia_bruneelii,103849107,Least Concern
berlinia_confusa,62021125,Least Concern
berlinia_congolensis,103849291,Least Concern
berlinia_craibiana,103849572,Least Concern
berlinia_grandiflora,62021182,Least Concern
berlinia_occidentalis,33464,Vulnerable
berlinia_phenacoa,103851211,Least Concern
berlinia_tomentella,,
bersama_abyssinica,146298209,Least Concern
bertiera_congolana,,
bertiera_globiceps,143724196,Least Concern
bertiera_naucleoides,,
bertiera_racemosa,156107924,Least Concern
bertiera_retrofracta,,
bertiera_subsessilis,,
bikinia_coriacea,116858643,Vulnerable
bikinia_durandii,32084,Least Concern
bikinia_evrardii,116858734,Least Concern
bikinia_grisea,116858754,Least Concern
bikinia_media,116858813,Least Concern
bikinia_pellegrinii,116858841,Least Concern
blighia_sapida,146420481,Least Concern
blighia_unijugata,146448311,Least Concern
blighia_welwitschii,146420535,Least Concern
bobgunnia_fistuloides,33061,Least Concern
bombax_buonopozense,144306050,Least Concern
bombax_costatum,156108889,Least Concern
borassus_aethiopum,195913,Least Concern
boscia_angustifolia,,
boscia_salicifolia,146187866,Least Concern
bosqueiopsis_gilletii,,
boswellia_dalzielii,,
boutiquea_platypetala,39475,Vulnerable
brachystegia_cynometroides,19892051,Least Concern
brachystegia_laurentii,62021407,Least Concern
brachystegia_mildbraedii,62021427,Least Concern
brazzeia_congoensis,174486136,Least Concern
brazzeia_soyauxii,170114838,Least Concern
brenandendron_donianum,143717609,Least Concern
brenandendron_titanophyllum,,
brenania_brieyi,,
breonadia_salicina,61957613,Least Concern
bridelia_atroviridis,,
bridelia_ferruginea,153940591,Least Concern
bridelia_grandis,61956489,Least Concern
bridelia_micrantha,61956569,Least Concern
bridelia_scleroneura,153942489,Least Concern
brucea_antidysenterica,153944265,Least Concern
brucea_guineensis,,
buchholzia_coriacea,173367217,Least Concern
buchnerodendron_speciosum,,
bussea_occidentalis,144303342,Least Concern
buxus_acutata,,
caloncoba_crepiniana,,
caloncoba_echinata,154155255,Least Concern
caloncoba_flagelliflora,,
caloncoba_gilgiana,170048421,Least Concern
caloncoba_glauca,,
caloncoba_lophocarpa,,
caloncoba_welwitschii,143656617,Least Concern
calpocalyx_brevibracteatus,144267453,Least Concern
calpocalyx_dinklagei,144264861,Least Concern
calpocalyx_heitzii,33186,Vulnerable
calpocalyx_klainei,36477,Least Concern
calpocalyx_ngouniensis,36479,Least Concern
calycosiphonia_macrochlamys,45907,Vulnerable
calycosiphonia_spathicalyx,156104976,Least Concern
camptostylus_mannii,143657073,Least Concern
campylospermum_amplectens,34810,Vulnerable
campylospermum_congestum,,
campylospermum_densiflorum,116864664,Least Concern
campylospermum_dybovskii,116868548,Least Concern
campylospermum_elongatum,116868570,Least Concern
campylospermum_engama,,
campylospermum_flavum,116868721,Least Concern
campylospermum_glaberrimum,,
campylospermum_mannii,,
campylospermum_oliveri,116869233,Least Concern
campylospermum_reticulatum,,
campylospermum_schoenleinianum,116869293,Least Concern
campylospermum_squamosum,116869310,Least Concern
campylospermum_sulcatum,116869342,Least Concern
campylospermum_vogelii,63073,Least Concern
canarium_schweinfurtii,,
capparis_viminea,158380,Least Concern
capparis_viminea,180011,Critically Endangered
carapa_dinklagei,,
carapa_macrantha,204815795,Least Concern
carapa_parviflora,204812854,Least Concern
carapa_procera,61794032,Least Concern
carpolobia_alba,143656408,Least Concern
carpolobia_gossweileri,,
carpolobia_lutea,136101986,Least Concern
casearia_barteri,34230,Least Concern
casearia_prismatocarpa,,
casearia_stipitata,,
cassia_mannii,,
cassia_sieberiana,144280984,Least Concern
cassipourea_barteri,143724088,Least Concern
cassipourea_congoensis,,
cassipourea_gummiflua,61957203,Least Concern
cassipourea_gummiflua,137744508,Critically Endangered
cassipourea_hiotou,32216,Vulnerable
cassipourea_schizocalyx,,
catunaregam_nilotica,,
cavacoa_quintasii,204815983,Least Concern
celtis_adolfi-friderici,61987953,Least Concern
celtis_africana,,
celtis_gomphophylla,165428374,Least Concern
celtis_mildbraedii,61987986,Least Concern
celtis_philippensis,61988008,Least Concern
celtis_tessmannii,204679072,Least Concern
celtis_toka,144137137,Least Concern
celtis_zenkeri,61988117,Least Concern
centroplacus_glaucinus,143872680,Least Concern
chaetachme_aristata,146436141,Least Concern
chaetocarpus_africanus,143724005,Least Concern
chazaliella_coffeosperma,,
chidlowia_sanguinea,144259233,Least Concern
christiana_africana,165428478,Least Concern
chrysobalanus_icaco,72231760,Least Concern
chytranthus_angustifolius,143717056,Least Concern
chytranthus_atroviolaceus,,
chytranthus_carneus,143715077,Least Concern
chytranthus_cauliflorus,170065021,Least Concern
chytranthus_edulis,,
chytranthus_gilletii,,
chytranthus_klaineanus,,
chytranthus_macrobotrys,143721728,Least Concern
chytranthus_setosus,,
chytranthus_talbotii,170065098,Least Concern
citropsis_articulata,,
clappertonia_ficifolia,,
clausena_anisata,146453629,Least Concern
cleidion_gabonicum,154431142,Least Concern
cleistanthus_caudatus,,
cleistanthus_gabonensis,204812786,Least Concern
cleistanthus_itsoghensis,204799320,Least Concern
cleistanthus_letouzeyi,,
cleistanthus_libericus,174410340,Least Concern
cleistanthus_ngounyensis,204816113,Least Concern
cleistanthus_polystachyus,146203781,Least Concern
cleistopholis_glauca,61984554,Least Concern
cleistopholis_patens,61984634,Least Concern
cleistopholis_staudtii,45417,Least Concern
clerodendrum_cephalanthum,157967,Least Concern
clerodendrum_cephalanthum,158429,Least Concern
clerodendrum_cephalanthum,158444,Least Concern
clerodendrum_cephalanthum,158452,Least Concern
clerodendrum_formicarum,153944092,Least Concern
clerodendrum_poggei,,
coelocaryon_botryoides,,
coelocaryon_preussii,61890295,Least Concern
coffea_brevipes,18290165,Least Concern
coffea_canephora,18290186,Least Concern
coffea_ebracteolata,18537189,Least Concern
coffea_liberica,18537594,Least Concern
coffea_magnistipula,18538124,Least Concern
coffea_mannii,18538250,Least Concern
coffea_mayombensis,18538396,Least Concern
coffea_togoensis,34655,Endangered
cola_acuminata,111376285,Least Concern
cola_altissima,111385279,Least Concern
cola_argentea,111385371,Near Threatened
cola_ballayi,111385511,Least Concern
cola_caricifolia,111386216,Least Concern
cola_cauliflora,111390705,Least Concern
cola_chlamydantha,111390810,Least Concern
cola_cordifolia,111391656,Least Concern
cola_digitata,111391828,Least Concern
cola_ficifolia,111392484,Least Concern
cola_flavovelutina,111392622,Least Concern
cola_gabonensis,,
cola_gigantea,111392774,Least Concern
cola_gigantea,130052128,Least Concern
cola_gigantea,130052145,Least Concern
cola_griseiflora,111393012,Least Concern
cola_heterophylla,111393038,Least Concern
cola_hispida,,
cola_lateritia,111393967,Least Concern
cola_lateritia,130052168,Least Concern
cola_lateritia,130052185,Least Concern
cola_laurifolia,111394673,Least Concern
cola_lepidota,111394726,Least Concern
cola_lissachensis,,
cola_mahoundensis,111395374,Vulnerable
cola_marsupium,111395388,Least Concern
cola_nitida,111397303,Least Concern
cola_pachycarpa,111397554,Least Concern
cola_reticulata,34656,Vulnerable
cola_rostrata,111397976,Least Concern
cola_semecarpophylla,34771,Conservation Dependent
cola_umbratilis,32191,Vulnerable
cola_urceolata,,
cola_verticillata,,
colletoecema_dewevrei,143712105,Least Concern
combretum_aculeatum,144311379,Least Concern
combretum_adenogonium,146209651,Least Concern
combretum_bracteatum,143714683,Least Concern
combretum_collinum,144277375,Least Concern
combretum_glutinosum,144270735,Least Concern
combretum_marginatum,,
combretum_micranthum,144287358,Least Concern
combretum_molle,146216670,Least Concern
combretum_platypterum,147041379,Least Concern
commiphora_africana,146216386,Least Concern
conocarpus_erectus,178806,Least Concern
copaifera_mildbraedii,62021772,Least Concern
copaifera_religiosa,62021830,Vulnerable
copaifera_salikounda,33041,Vulnerable
cordia_africana,61986332,Least Concern
cordia_aurantiaca,143656104,Least Concern
cordia_guineensis,158035,Least Concern
cordia_guineensis,158428,Endangered
cordia_millenii,33042,Least Concern
cordia_platythyrsa,33043,Vulnerable
cordia_senegalensis,147036001,Least Concern
cordyla_pinnata,144299985,Least Concern
corynanthe_johimbe,143712526,Least Concern
corynanthe_lane-poolei,,
corynanthe_macroceras,143710961,Least Concern
corynanthe_mayumbensis,143714784,Least Concern
corynanthe_pachyceras,136113695,Least Concern
corynanthe_paniculata,,
coula_edulis,61918215,Least Concern
craibia_atlantica,34658,Vulnerable
craibia_laurentii,173478461,Least Concern
crateranthus_talbotii,32706,Vulnerable
craterispermum_aristatum,,
craterispermum_caudatum,136113957,Least Concern
craterispermum_cerinanthum,191512672,Least Concern
craterispermum_laurinum,,
craterispermum_ledermannii,,
craterispermum_montanum,,
craterispermum_parvifolium,,
craterispermum_robbrechtianum,,
craterispermum_schweinfurthii,146220635,Least Concern
crateva_adansonii,144035295,Least Concern
cremaspora_triflora,146203473,Least Concern
crioceras_dipladeniiflorus,,
crossopteryx_febrifuga,146203214,Least Concern
croton_draconopsis,,
croton_gratissimus,146220792,Least Concern
croton_longiracemosus,,
croton_macrostachyus,146216193,Least Concern
croton_mayumbensis,203236451,Least Concern
croton_mubango,,
croton_oligandrus,204816446,Least Concern
croton_pseudopulchellus,,
croton_sylvaticus,146440274,Least Concern
crotonogyne_gabunensis,170124209,Least Concern
crotonogyne_manniana,35152,Near Threatened
crotonogyne_poggei,,
crotonogyne_preussii,,
crotonogyne_zenkeri,45450,Vulnerable
crudia_gabonensis,204799222,Least Concern
crudia_harmsiana,137523873,Least Concern
crudia_harmsiana,137523929,Least Concern
crudia_harmsiana,137523989,Least Concern
crudia_klainei,144270361,Least Concern
crudia_ledermannii,204799148,Least Concern
crudia_senegalensis,208171484,Least Concern
cryptosepalum_congolanum,204799076,Least Concern
cryptosepalum_staudtii,173500809,Near Threatened
cryptosepalum_tetraphyllum,33465,Vulnerable
cussonia_arborea,146215976,Least Concern
cussonia_bancoensis,33894,Vulnerable
cuviera_acutiflora,136114058,Least Concern
cuviera_angolensis,,
cuviera_longiflora,,
cuviera_macroura,,
cuviera_nigrescens,208173809,Least Concern
cuviera_physinodes,,
cuviera_subuliflora,,
cuviera_talbotii,45911,Vulnerable
cylicodiscus_gabunensis,62021855,Least Concern
cylicomorpha_solmsii,45439,Near Threatened
cynometra_ananta,62021882,Least Concern
cynometra_hankei,19892945,Least Concern
cynometra_lujae,173500841,Least Concern
cynometra_mannii,144278111,Least Concern
cynometra_megalophylla,144312026,Least Concern
cynometra_sanagaensis,204802792,Least Concern
cynometra_schlechteri,204816648,Least Concern
cynometra_vogelii,144254295,Least Concern
cyrtogonone_argentea,204815309,Least Concern
dacryodes_buettneri,61987674,Vulnerable
dacryodes_edulis,,
dacryodes_heterotricha,204816714,Least Concern
dacryodes_igaganga,32182,Vulnerable
dacryodes_klaineana,136112754,Least Concern
dacryodes_macrophylla,204809541,Least Concern
dacryodes_normandii,204809473,Least Concern
dactyladenia_barteri,204714772,Least Concern
dactyladenia_campestris,143656434,Least Concern
dactyladenia_chevalieri,204715052,Least Concern
dactyladenia_dinklagei,34836,Vulnerable
dactyladenia_icondere,204715125,Least Concern
dactyladenia_letestui,173369681,Least Concern
dactyladenia_pallescens,143656500,Least Concern
dactyladenia_staudtii,173411398,Least Concern
dalbergia_bakeri,163331269,Least Concern
dalbergia_heudelotii,156102960,Least Concern
dalbergia_laxiflora,163331904,Least Concern
dalbergia_melanoxylon,32504,Near Threatened
dalbergia_oligophylla,45882,Least Concern
daniellia_klainei,32184,Least Concern
daniellia_ogea,62022647,Near Threatened
daniellia_pynaertii,168732881,Least Concern
daniellia_soyauxii,168732966,Near Threatened
daniellia_thurifera,62023081,Least Concern
dasylepis_blackii,173333240,Endangered
dasylepis_racemosa,144137605,Least Concern
dasylepis_seretii,,
dasylepis_thomasii,,
deinbollia_cuneifolia,,
deinbollia_fulvotomentella,,
deinbollia_grandifolia,,
deinbollia_maxima,46178,Vulnerable
delpydora_gracilis,154664035,Least Concern
delpydora_macrophylla,32090,Vulnerable
desbordesia_glaucescens,,
desplatsia_chrysochlamys,156111205,Least Concern
desplatsia_dewevrei,144289483,Least Concern
desplatsia_subericarpa,143711191,Least Concern
detarium_macrocarpum,62023128,Least Concern
detarium_senegalense,62023169,Least Concern
dialium_bipindense,33185,Least Concern
dialium_dinklagei,62023178,Least Concern
dialium_englerianum,146197100,Least Concern
dialium_guineense,204813231,Least Concern
dialium_lopense,37495,Least Concern
dialium_pachyphyllum,144306563,Least Concern
dialium_polyanthum,144272728,Least Concern
dialium_tessmannii,144298050,Least Concern
dichaetanthera_africana,204809363,Least Concern
dichaetanthera_corymbosa,153944408,Least Concern
dichapetalum_barteri,204670886,Least Concern
dichapetalum_fructuosum,,
dichapetalum_glomeratum,143718334,Least Concern
dichapetalum_heudelotii,136102036,Least Concern
dichapetalum_insigne,143716968,Least Concern
dichapetalum_madagascariense,165430464,Least Concern
dichapetalum_zenkeri,143722473,Least Concern
dichostemma_glaucescens,143722580,Least Concern
dichrostachys_cinerea,164134,Least Concern
dicranolepis_buchholzii,,
dicranolepis_disticha,208173931,Least Concern
dicranolepis_persei,154162592,Least Concern
dicranolepis_pulcherrima,,
dicranolepis_soyauxii,,
didelotia_africana,62023390,Least Concern
didelotia_brevipaniculata,62023399,Least Concern
didelotia_idae,33187,Near Threatened
didelotia_letouzeyi,62023490,Near Threatened
didelotia_minutiflora,173500965,Vulnerable
didelotia_unifoliolata,32747,Least Concern
diogoa_retivenia,154163733,Near Threatened
diogoa_zenkeri,143720960,Least Concern
diospyros_abyssinica,158268,Least Concern
diospyros_barteri,33193,Vulnerable
diospyros_bipindensis,173972,Least Concern
diospyros_boala,,
diospyros_canaliculata,173489,Least Concern
diospyros_chevalieri,173670,Least Concern
diospyros_cinnabarina,173986,Least Concern
diospyros_conocarpa,173684,Least Concern
diospyros_crassiflora,33048,Vulnerable
diospyros_dendo,173762,Least Concern
diospyros_elliotii,173700,Least Concern
diospyros_ferrea,,
diospyros_fragrans,173824,Least Concern
diospyros_gabunensis,173609,Least Concern
diospyros_gilletii,174000,Least Concern
diospyros_gracilescens,173730,Least Concern
diospyros_heudelotii,173471,Least Concern
diospyros_hoyleana,173524,Least Concern
diospyros_iturensis,173779,Least Concern
diospyros_kamerunensis,173860,Least Concern
diospyros_mannii,173651,Least Concern
diospyros_melocarpa,173601,Least Concern
diospyros_mespiliformis,173967,Least Concern
diospyros_monbuttensis,173455,Least Concern
diospyros_obliquifolia,173575,Least Concern
diospyros_physocalycina,173720,Least Concern
diospyros_piscatoria,173719,Least Concern
diospyros_polystemon,173579,Least Concern
diospyros_preussii,173781,Least Concern
diospyros_rabiensis,173822,Vulnerable
diospyros_rubicunda,,
diospyros_sanza-minika,173511,Least Concern
diospyros_soubreana,173708,Least Concern
diospyros_suaveolens,173450,Least Concern
diospyros_tricolor,,
diospyros_vermoesenii,,
diospyros_vignei,173728,Least Concern
diospyros_viridicans,,
diospyros_zenkeri,173643,Least Concern
discoclaoxylon_hexandrum,144288755,Least Concern
discoglypremna_caloneura,144273389,Least Concern
discopodium_penninervium,153945870,Least Concern
dissomeria_crenata,138013007,Least Concern
distemonanthus_benthamianus,62025002,Least Concern
dombeya_buettneri,,
dombeya_ledermannii,39747,Critically Endangered
donella_ogoouensis,,
donella_pruniformis,,
donella_ubangiensis,,
dovyalis_zenkeri,156098178,Least Concern
dracaena_acutissima,,
dracaena_arborea,147136700,Least Concern
dracaena_fragrans,144296082,Least Concern
dracaena_glomerata,,
dracaena_mannii,149352222,Least Concern
drypetes_aframensis,154164468,Least Concern
drypetes_afzelii,34674,Vulnerable
drypetes_angustifolia,,
drypetes_aylmeri,,
drypetes_bakembei,,
drypetes_bipindensis,,
drypetes_calvescens,174410896,Least Concern
drypetes_capillipes,,
drypetes_chevalieri,,
drypetes_cinnabarina,,
drypetes_dinklagei,,
drypetes_floribunda,,
drypetes_gabonensis,,
drypetes_gilgiana,136110589,Least Concern
drypetes_gossweileri,,
drypetes_inaequalis,,
drypetes_ituriensis,,
drypetes_ivorensis,136112879,Least Concern
drypetes_klainei,,
drypetes_laciniata,32925,Near Threatened
drypetes_leonensis,147042412,Least Concern
drypetes_magnistipula,45451,Endangered
drypetes_molunduana,,
drypetes_occidentalis,,
drypetes_parvifolia,,
drypetes_paxii,,
drypetes_pellegrinii,33916,Vulnerable
drypetes_preussii,34775,Vulnerable
drypetes_principum,,
drypetes_singroboensis,32207,Vulnerable
drypetes_spinosodentata,174411090,Least Concern
drypetes_staudtii,45453,Vulnerable
duboscia_macrocarpa,143714412,Least Concern
duboscia_viridiflora,204816776,Least Concern
duguetia_barteri,35015,Least Concern
duguetia_confinis,61984644,Least Concern
duguetia_staudtii,61984653,Least Concern
duparquetia_orchidacea,144257627,Least Concern
ehretia_cymosa,165431777,Least Concern
ehretia_trachyphylla,154164548,Least Concern
elaeis_guineensis,13416970,Least Concern
empogona_coriacea,,
empogona_crepiniana,143710572,Least Concern
empogona_discolor,,
empogona_gossweileri,143723596,Least Concern
empogona_macrophylla,,
empogona_reflexa,,
empogona_talbotii,46171,Vulnerable
endodesmia_calophylloides,143716772,Least Concern
englerophytum_oblanceolatum,156098203,Least Concern
englerophytum_oubanguiense,,
englerophytum_stelechantha,,
engomegoma_gordonii,,
entada_abyssinica,146198441,Least Concern
entandrophragma_angolense,33049,Near Threatened
entandrophragma_candollei,33050,Vulnerable
entandrophragma_cylindricum,33051,Vulnerable
eremospatha_haullevilleana,95317318,Least Concern
erica_mannii,143716635,Least Concern
eriocoelum_kerstingii,156109052,Least Concern
eriocoelum_macrocarpum,143718509,Least Concern
eriocoelum_microspermum,,
eriocoelum_oblongum,32726,Least Concern
eriocoelum_paniculatum,,
eriocoelum_petiolare,143721941,Least Concern
eriocoelum_pungens,32727,Endangered
eriocoelum_pungens,62990,Near Threatened
eriocoelum_racemosum,,
erismadelphus_exsul,174470975,Least Concern
erythrina_droogmansiana,111320140,Data Deficient
erythrina_mildbraedii,,
erythrina_senegalensis,19892718,Least Concern
erythrina_sigmoidea,208166335,Least Concern
erythrina_vogelii,204798732,Least Concern
erythrococca_atrovirens,144296296,Least Concern
erythrophleum_ivorense,62025422,Least Concern
erythrophleum_suaveolens,62025437,Least Concern
erythroxylum_emarginatum,153946734,Least Concern
erythroxylum_mannii,62003293,Least Concern
euadenia_eminens,144038602,Least Concern
euadenia_trifoliolata,,
euclinia_longiflora,156106485,Least Concern
eugenia_coronata,154164988,Near Threatened
eugenia_fernandopoana,45899,Vulnerable
eugenia_gilgii,39740,Critically Endangered
eugenia_klaineana,204813497,Least Concern
eugenia_leonensis,154165338,Least Concern
eugenia_nigerina,,
eugenia_salacioides,154166683,Least Concern
euphorbia_drupifera,147041658,Least Concern
euphorbia_grandifolia,204803175,Least Concern
euphorbia_kamerunica,208179721,Least Concern
euphorbia_poissonii,,
eurypetalum_tessmannii,19892917,Least Concern
faurea_rochetiana,112642519,Least Concern
fegimanra_africana,204802406,Least Concern
feretia_apodanthera,,
ficus_exasperata,143276941,Least Concern
ficus_glumosa,146435264,Least Concern
ficus_lingua,179584,Least Concern
ficus_lingua,179993,Least Concern
ficus_lutea,146435575,Least Concern
ficus_lyrata,208115167,Least Concern
ficus_mucuso,143276968,Least Concern
ficus_natalensis,146188383,Least Concern
ficus_ottoniifolia,156098330,Least Concern
ficus_polita,153929084,Least Concern
ficus_populifolia,143276998,Least Concern
ficus_preussii,,
ficus_pseudomangifera,,
ficus_recurvata,,
ficus_sagittifolia,147036279,Least Concern
ficus_saussureana,143277205,Least Concern
ficus_scott-elliottii,154166807,Least Concern
ficus_sur,146435594,Least Concern
ficus_sycomorus,146188430,Least Concern
ficus_tesselata,174406350,Least Concern
ficus_thonningii,146188444,Least Concern
ficus_tremula,179735,Least Concern
ficus_tremula,180008,Least Concern
ficus_tremula,111320384,Vulnerable
ficus_trichopoda,136663128,Least Concern
ficus_umbellata,143277325,Least Concern
ficus_vallis-choudae,,
ficus_variifolia,,
ficus_verruculosa,136663140,Least Concern
ficus_vogeliana,143277337,Least Concern
fillaeopsis_discophora,62025563,Least Concern
flacourtia_flavescens,,
flacourtia_indica,146188176,Least Concern
flacourtia_vogelii,,
flueggea_virosa,146202817,Least Concern
funtumia_africana,61984889,Least Concern
funtumia_elastica,49840949,Least Concern
gabonius_ngouniensis,204672578,Least Concern
gaertnera_bieleri,,
gaertnera_cooperi,154166853,Least Concern
gaertnera_leucothyrsa,138002333,Least Concern
gaertnera_longivaginalis,143714299,Least Concern
gaertnera_paniculata,147041206,Least Concern
gaertnera_trachystyla,,
gambeya_africana,61961728,Least Concern
gambeya_albida,61961750,Near Threatened
gambeya_boukokoensis,,
gambeya_gigantea,61961855,Least Concern
gambeya_lacourtiana,61962690,Least Concern
gambeya_perpulchra,61962707,Least Concern
gambeya_subnuda,61963348,Least Concern
ganophyllum_giganteum,,
garcinia_afzelii,34294,Vulnerable
garcinia_chromocarpa,,
garcinia_densivenia,,
garcinia_epunctata,34714,Least Concern
garcinia_kola,34715,Vulnerable
garcinia_livingstonei,,
garcinia_lucida,170124274,Least Concern
garcinia_mannii,204803295,Least Concern
garcinia_ovalifolia,144303680,Least Concern
garcinia_preussii,204817151,Least Concern
garcinia_punctata,143714192,Least Concern
garcinia_quadrifaria,170064606,Least Concern
gardenia_imperialis,146198230,Least Concern
gardenia_nitida,154167139,Least Concern
gardenia_ternifolia,146215560,Least Concern
gardenia_vogelii,143715392,Least Concern
gilbertiodendron_bilineatum,34716,Vulnerable
gilbertiodendron_brachystegioides,62026019,Least Concern
gilbertiodendron_demonstrans,171986357,Least Concern
gilbertiodendron_dewevrei,62026028,Least Concern
gilbertiodendron_diphyllum,204817219,Least Concern
gilbertiodendron_grandistipulatum,171986521,Least Concern
gilbertiodendron_limba,19891458,Near Threatened
gilbertiodendron_mayombense,62026037,Least Concern
gilbertiodendron_ogoouense,145396954,Least Concern
gilbertiodendron_preussii,62026046,Least Concern
gilbertiodendron_splendidum,34717,Vulnerable
gilbertiodendron_stipulaceum,171986682,Least Concern
gilbertiodendron_unijugum,171986725,Least Concern
gilletiodendron_kisantuense,174073097,Least Concern
gilletiodendron_pierreanum,144302073,Least Concern
globulostylis_cuvieroides,,
globulostylis_leniochlamys,110074654,Critically Endangered
globulostylis_uncinula,,
glossocalyx_longicuspis,170124345,Least Concern
gluema_ivorensis,32195,Vulnerable
glyphaea_brevis,156109215,Least Concern
gossweilerodendron_balsamiferum,,
greenwayodendron_oliveri,136114171,Least Concern
greenwayodendron_suaveolens,62584,Least Concern
grewia_bicolor,,
grewia_lasiodiscus,156107650,Least Concern
grewia_mollis,156107559,Least Concern
grossera_macrantha,,
grossera_multinervis,137437807,Vulnerable
grossera_paniculata,170064875,Least Concern
grossera_vignei,,
guibourtia_arnoldiana,62026070,Least Concern
guibourtia_copallifera,154167578,Vulnerable
guibourtia_demeusei,62026131,Near Threatened
guibourtia_ehie,33053,Least Concern
guibourtia_pellegriniana,62026140,Endangered
guibourtia_tessmannii,62026149,Endangered
gymnanthemum_amygdalinum,,
gymnanthemum_coloratum,149503617,Least Concern
gymnanthemum_myrianthum,,
gymnanthes_inopinata,204803381,Least Concern
gymnosporia_buchananii,146215385,Least Concern
gymnosporia_gracilipes,,
haematostaphis_barteri,,
haplocoelum_foliolosum,153941296,Least Concern
haplocoelum_intermedium,,
haplormosia_monophylla,32926,Vulnerable
harrisonia_abyssinica,153941948,Least Concern
harungana_madagascariensis,62019179,Least Concern
heinsia_crinita,136112486,Least Concern
heinsia_myrmoecia,,
heisteria_parvifolia,136108508,Least Concern
heisteria_trillesiana,204715477,Least Concern
heisteria_zimmereri,143721639,Least Concern
hemandradenia_mannii,35179,Least Concern
heritiera_utilis,33904,Vulnerable
heteropterys_leona,143656234,Least Concern
hexalobus_crispiflorus,132520218,Least Concern
hexalobus_monopetalus,132520315,Least Concern
hexalobus_salicifolius,32927,Least Concern
hibiscus_schizopetalus,,
hibiscus_sterculiifolius,154168342,Least Concern
hibiscus_tiliaceus,61786470,Least Concern
hildegardia_barteri,147042543,Least Concern
holarrhena_floribunda,144299547,Least Concern
holoptelea_grandis,61966477,Least Concern
homalium_abdessammadii,153929004,Least Concern
homalium_africanum,143656567,Least Concern
homalium_dewevrei,,
homalium_stipulaceum,143656582,Least Concern
hoplestigma_klaineanum,20390785,Least Concern
hua_gabonii,204817313,Least Concern
hugonia_afzelii,,
hugonia_planchonii,136108669,Least Concern
hugonia_planchonii,137582572,Vulnerable
hugonia_platysepala,156102792,Least Concern
hunteria_ballayi,,
hunteria_umbellata,136108289,Least Concern
hylodendron_gabunense,144295739,Least Concern
hymenocardia_acida,146214884,Least Concern
hymenocardia_heudelotii,,
hymenocardia_lyrata,154170226,Least Concern
hymenocardia_ulmoides,146210262,Least Concern
hymenodictyon_biafranum,,
hymenodictyon_floribundum,146208815,Least Concern
hymenostegia_aubrevillei,32196,Near Threatened
hymenostegia_felicis,174073408,Least Concern
hymenostegia_floribunda,174073585,Least Concern
hymenostegia_klainei,174073623,Least Concern
hymenostegia_pellegrinii,174073512,Least Concern
hypericum_revolutum,146455427,Least Concern
hypericum_roeperianum,146447898,Least Concern
hyphaene_guineensis,95317509,Least Concern
hypodaphnis_zenkeri,158690387,Least Concern
idertia_axillaris,,
irvingia_excelsa,204817387,Least Concern
irvingia_gabonensis,33055,Near Threatened
irvingia_grandifolia,62019219,Least Concern
irvingia_robur,143713889,Least Concern
irvingia_smithii,143715523,Least Concern
irvingia_tenuinucleata,,
isolona_campanulata,132676991,Least Concern
isolona_hexaloba,132677050,Least Concern
isolona_thonneri,132677147,Least Concern
isolona_zenkeri,45418,Least Concern
ixora_bauchiensis,,
ixora_brachypoda,153939169,Least Concern
ixora_euosmia,,
ixora_foliosa,45913,Vulnerable
ixora_hiernii,,
ixora_hippoperifera,,
ixora_laxiflora,136114266,Least Concern
ixora_mildbraedii,,
ixora_nigerica,32725,Vulnerable
ixora_praetermissa,,
jollydora_duparquetiana,143716873,Least Concern
julbernardia_brieyi,144287268,Least Concern
julbernardia_hochreutineri,204798678,Least Concern
julbernardia_pellegriniana,62026277,Least Concern
julbernardia_seretii,156105258,Least Concern
keayodendron_bridelioides,204798579,Least Concern
keetia_gueinzii,146202545,Least Concern
keetia_multiflora,147040956,Least Concern
keetia_venosa,146202316,Least Concern
keetia_zanzibarica,,
khaya_ivorensis,32234,Vulnerable
kigelia_africana,61986013,Least Concern
klaineanthus_gaboniae,,
klaineanthus_gabonii,204812438,Least Concern
klainedoxa_gabonensis,62019343,Least Concern
klainedoxa_trillesii,143873056,Least Concern
kosteletzkya_grantii,,
laccodiscus_ferrugineus,,
laccodiscus_klaineanus,,
laccodiscus_pseudostipularis,,
laguncularia_racemosa,178798,Least Concern
landolphia_jumellei,,
lannea_acida,144248464,Least Concern
lannea_barteri,144299273,Least Concern
lannea_microcarpa,144309873,Least Concern
lannea_schimperi,,
lannea_velutina,144312448,Least Concern
lannea_welwitschii,34702,Endangered
lannea_welwitschii,62944,Least Concern
lasianthera_africana,143717722,Least Concern
lasianthus_africanus,,
lasiodiscus_fasciculiflorus,137990008,Least Concern
lasiodiscus_mannii,,
lasiodiscus_marmoratus,,
lasiodiscus_mildbraedii,34436,Vulnerable
lebruniodendron_leptanthum,204812364,Least Concern
lecaniodiscus_cupanioides,153939354,Least Concern
lecomtedoxa_klaineana,,
lecomtedoxa_nogo,32091,Vulnerable
leonardoxa_africana,19892972,Least Concern
lepidobotrys_staudtii,143655691,Least Concern
lepisanthes_senegalensis,,
leptactina_arborescens,156108498,Least Concern
leptactina_involucrata,208170724,Least Concern
leptactina_latifolia,,
leptactina_platyphylla,153943848,Least Concern
leptaulus_congolanus,143715627,Least Concern
leptaulus_daphnoides,144043397,Least Concern
leptaulus_grandifolius,,
leptaulus_holstii,144043553,Least Concern
leptonychia_echinocarpa,,
leptonychia_lasiogyne,204811545,Least Concern
leptonychia_macrantha,174399848,Least Concern
leptonychia_multiflora,,
leptonychia_pallida,,
leptonychia_pubescens,147043055,Least Concern
letestua_durissima,61963483,Least Concern
leucomphalos_capparideus,144286015,Least Concern
librevillea_klainei,204809279,Least Concern
lijndenia_barteri,204801627,Least Concern
lijndenia_jasminoides,,
lindackeria_dentata,147036205,Least Concern
lindackeria_schweinfurthii,,
loesenera_talbotii,32718,Vulnerable
lonchocarpus_sericeus,144288489,Least Concern
lophira_alata,33056,Vulnerable
lophira_lanceolata,156106640,Least Concern
lovoa_trichilioides,33057,Least Concern
lychnodiscus_cerospermus,138013176,Least Concern
lychnodiscus_cerospermus,138013193,Least Concern
lychnodiscus_cerospermus,138013229,Endangered
lychnodiscus_cerospermus,172125432,Least Concern
lychnodiscus_dananensis,,
lychnodiscus_grandifolius,,
lychnodiscus_reticulatus,,
macaranga_barteri,144271689,Least Concern
macaranga_heterophylla,136108182,Least Concern
macaranga_heudelotii,136108806,Least Concern
macaranga_hurifolia,208166591,Least Concern
macaranga_monandra,144267061,Least Concern
macaranga_occidentalis,,
macaranga_poggei,,
macaranga_saccifera,,
macaranga_schweinfurthii,200639,Least Concern
macaranga_spinosa,144301689,Least Concern
machaerium_lunatum,136662024,Least Concern
maerua_crassifolia,137749048,Least Concern
maerua_duchesnei,144038957,Least Concern
maesobotrya_barteri,136111642,Least Concern
maesobotrya_barteri,174410511,Vulnerable
maesobotrya_bertramiana,204813879,Least Concern
maesobotrya_cordulata,204803455,Least Concern
maesobotrya_floribunda,153942400,Least Concern
maesobotrya_griffoniana,204817467,Least Concern
maesobotrya_klaineana,204810157,Least Concern
maesobotrya_longipes,204801749,Least Concern
maesobotrya_staudtii,,
maesopsis_eminii,49841506,Least Concern
magnistipula_bimarsupiata,173412096,Least Concern
magnistipula_butayei,203375,Critically Endangered
magnistipula_butayei,34803,Vulnerable
magnistipula_butayei,34848,Vulnerable
magnistipula_butayei,62827,Least Concern
magnistipula_butayei,111321982,Vulnerable
magnistipula_butayei,137411237,Near Threatened
magnistipula_butayei,137411351,Vulnerable
magnistipula_butayei,137411784,Endangered
magnistipula_butayei,137411878,Endangered
magnistipula_conrauana,45442,Endangered
magnistipula_cupheiflora,173411553,Near Threatened
magnistipula_cupheiflora,173411634,Vulnerable
magnistipula_glaberrima,173412021,Least Concern
magnistipula_tessmannii,143656503,Least Concern
magnistipula_zenkeri,173412210,Least Concern
mallotus_oppositifolius,62455,Least Concern
mallotus_oppositifolius,35791,Vulnerable
mallotus_subulatus,153036491,Least Concern
malouetia_mildbraedii,204814083,Least Concern
mammea_africana,61987898,Least Concern
manilkara_dawei,,
manilkara_fouilloyana,,
manilkara_obovata,142332116,Least Concern
mansonia_altissima,32283,Endangered
mansonia_altissima,62753,Least Concern
maprounea_africana,,
maprounea_membranacea,143712194,Least Concern
maranthes_aubrevillei,173412557,Least Concern
maranthes_chrysophylla,173412359,Least Concern
maranthes_gabunensis,143656529,Least Concern
maranthes_glabra,136102735,Least Concern
maranthes_kerstingii,,
maranthes_robusta,154171576,Least Concern
mareya_brevipes,,
mareya_micrantha,136113039,Least Concern
mareyopsis_longifolia,204798493,Least Concern
mareyopsis_oligogyna,204812516,Least Concern
margaritaria_discoidea,146201960,Least Concern
markhamia_lutea,144259403,Least Concern
markhamia_tomentosa,204679009,Least Concern
marquesia_excelsa,,
martretia_quadricornis,204812254,Least Concern
massularia_acuminata,136111116,Least Concern
maytenus_undata,146223592,Least Concern
medusandra_mpomiana,,
medusandra_richardsiana,30443,Vulnerable
memecylon_afzelii,147040419,Least Concern
memecylon_candidum,34768,Vulnerable
memecylon_collinum,204804888,Least Concern
memecylon_diluviorum,204811370,Least Concern
memecylon_englerianum,,
memecylon_klaineanum,204812192,Least Concern
memecylon_lateriflorum,136113176,Least Concern
memecylon_macrodendron,,
memecylon_normandii,,
memecylon_polyanthemos,,
memecylon_viride,,
mesogyne_insignis,35730,Near Threatened
microberlinia_bisulcata,30441,Endangered
microberlinia_brazzavillensis,33184,Vulnerable
microcos_africana,192375807,Least Concern
microcos_coriacea,148938718,Least Concern
microcos_mildbraedii,,
microcos_oligoneura,,
microcos_pinnatifida,174399839,Least Concern
microdesmis_afrodecandra,204671282,Least Concern
microdesmis_camerunensis,204671317,Least Concern
microdesmis_haumaniana,204671332,Least Concern
microdesmis_klainei,204671347,Least Concern
microdesmis_pierlotiana,,
microdesmis_puberula,156098422,Least Concern
milicia_excelsa,33903,Near Threatened
milicia_regia,33905,Vulnerable
millettia_chrysophylla,144309988,Least Concern
millettia_dinklagei,,
millettia_drastica,144314138,Least Concern
millettia_griffoniana,144289719,Least Concern
millettia_lane-poolei,154172332,Least Concern
millettia_laurentii,33219,Endangered
millettia_macrophylla,34780,Near Threatened
millettia_macroura,19892227,Least Concern
millettia_mannii,144301972,Least Concern
millettia_rhodantha,154172943,Least Concern
millettia_sanagana,144302225,Least Concern
millettia_thonningii,144301228,Least Concern
millettia_versicolor,144275749,Least Concern
millettia_warneckei,34805,Vulnerable
millettia_zechiana,19891824,Least Concern
mimusops_andongensis,147284619,Least Concern
mimusops_kummel,153927557,Least Concern
mitragyna_ledermannii,33914,Near Threatened
mitragyna_stipulosa,33913,Near Threatened
monanthotaxis_ferruginea,,
monanthotaxis_littoralis,,
monanthotaxis_parvifolia,153943693,Least Concern
monanthotaxis_vogelii,,
monocyclanthus_vignei,32185,Endangered
monodora_angolensis,132680437,Least Concern
monodora_crispata,132683216,Least Concern
monodora_myristica,132683482,Least Concern
monodora_tenuifolia,132683676,Least Concern
monodora_undulata,132683697,Least Concern
morelia_senegalensis,156107384,Least Concern
morinda_chrysorhiza,,
morinda_lucida,156109487,Least Concern
morinda_titanophylla,,
morus_mesozygia,,
mundulea_sericea,36238,Least Concern
mundulea_sericea,62520,Least Concern
musanga_cecropioides,61967837,Least Concern
mussaenda_elegans,,
mussaenda_erythrophylla,143713722,Least Concern
myrianthus_arboreus,145347258,Least Concern
myrianthus_cuneifolius,,
myrianthus_libericus,136102777,Least Concern
myrianthus_preussii,137584190,Least Concern
myrianthus_preussii,137584211,Least Concern
myrianthus_serratus,147036328,Least Concern
napoleonaea_beninensis,154173591,Least Concern
napoleonaea_egertonii,45877,Vulnerable
napoleonaea_imperialis,154173716,Least Concern
napoleonaea_septentrionalis,,
napoleonaea_talbotii,204676029,Least Concern
napoleonaea_vogelii,136101418,Least Concern
nauclea_diderrichii,33058,Near Threatened
nauclea_gilletii,174412055,Least Concern
nauclea_latifolia,136114785,Least Concern
nauclea_pobeguinii,,
nauclea_vanderguchtii,,
nauclea_xanthoxylon,,
necepsia_afzelii,110043602,Least Concern
neoboutonia_mannii,34773,Near Threatened
neoboutonia_melleri,144267813,Least Concern
neochevalierodendron_stephanii,19892138,Least Concern
neoguarea_glomerulata,118193729,Least Concern
neolemonniera_clitandrifolia,34806,Vulnerable
neostenanthera_gabonensis,133039474,Least Concern
neostenanthera_hamata,34807,Least Concern
neostenanthera_myristicifolia,133039724,Least Concern
neostenanthera_robsonii,32080,Least Concern
nesogordonia_kabingaensis,156104295,Least Concern
nesogordonia_papaverifera,32173,Vulnerable
newbouldia_laevis,87719569,Least Concern
newtonia_aubrevillei,,
newtonia_buchananii,62026698,Least Concern
newtonia_duparquetiana,156103426,Least Concern
newtonia_glandulifera,158480154,Least Concern
newtonia_grandifolia,158480239,Least Concern
newtonia_griffoniana,158480256,Least Concern
newtonia_leucocarpa,158480317,Least Concern
normandiodendron_bequaertii,204817777,Least Concern
noronhia_africana,156108361,Least Concern
noronhia_mannii,,
noronhia_nilotica,153936331,Least Concern
nothospondias_staudtii,32929,Vulnerable
nuxia_congesta,146197740,Least Concern
ochna_afzelii,146198791,Least Concern
ochna_kibbiensis,,
ochna_membranacea,156104134,Least Concern
ochna_multiflora,143713573,Least Concern
ochna_schweinfurthiana,146204515,Least Concern
ocotea_gabonensis,32082,Least Concern
ocotea_michelsonii,111322974,Vulnerable
octoknema_affinis,200535158,Least Concern
octoknema_borealis,154174659,Least Concern
octolobus_spectabilis,138014193,Least Concern
oddoniodendron_micranthum,144270193,Least Concern
okoubaka_aubrevillei,71022951,Endangered
olax_subscorpioides,,
oldfieldia_africana,61956681,Least Concern
olea_capensis,61919282,Least Concern
omphalocarpum_ahia,116127223,Endangered
omphalocarpum_elatum,147284256,Least Concern
omphalocarpum_lecomteanum,,
omphalocarpum_pachysteloides,147284371,Least Concern
omphalocarpum_procerum,147284534,Least Concern
oncoba_spinosa,146188247,Least Concern
ongokea_gore,61918236,Least Concern
ophiobotrys_zenkeri,,
ormocarpum_sennoides,35728,Vulnerable
ormocarpum_verrucosum,137569960,Endangered
ormocarpum_verrucosum,137569893,Least Concern
oubanguia_africana,173460035,Least Concern
oubanguia_alata,173460108,Least Concern
oubanguia_laurifolia,173460182,Least Concern
ouratea_calantha,,
oxyanthus_formosus,156103976,Least Concern
oxyanthus_pallidus,143721419,Least Concern
oxyanthus_racemosus,147041813,Least Concern
oxyanthus_speciosus,146456872,Least Concern
oxyanthus_subpunctatus,147043155,Least Concern
oxyanthus_unilocularis,156103809,Least Concern
ozoroa_insignis,135815030,Least Concern
pachyelasma_tessmannii,204805875,Least Concern
pancovia_bijuga,147041938,Least Concern
pancovia_floribunda,,
pancovia_harmsiana,143717145,Least Concern
pancovia_laurentii,,
pancovia_pedicellaris,,
pancovia_turbinata,156102532,Least Concern
panda_oleosa,143722018,Least Concern
pandanus_candelabrum,140428997,Least Concern
paramacrolobium_coeruleum,144291263,Least Concern
parinari_congensis,144131466,Least Concern
parinari_curatellifolia,61988657,Least Concern
parinari_excelsa,61988748,Least Concern
parinari_hypochrysea,204715171,Least Concern
parkia_bicolor,19892546,Least Concern
paropsia_grewioides,179605,Least Concern
paropsia_grewioides,180038,Endangered
paropsia_guineensis,,
paropsiopsis_decandra,204714604,Least Concern
pauridiantha_afzelii,136114583,Least Concern
pauridiantha_callicarpoides,,
pauridiantha_canthiiflora,,
pauridiantha_dewevrei,,
pauridiantha_floribunda,,
pauridiantha_hirtella,147042942,Least Concern
pauridiantha_liebrechtsiana,,
pauridiantha_multiflora,,
pauridiantha_paucinervis,156109666,Least Concern
pauridiantha_pyramidata,,
pauridiantha_rubens,,
pauridiantha_sylvicola,154176295,Least Concern
pauridiantha_talbotii,,
pauridiantha_viridiflora,156103545,Least Concern
pausinystalia_brachythyrsum,36157,Extinct
pavetta_akeassii,154176319,Least Concern
pavetta_calothyrsa,,
pavetta_corymbosa,156103658,Least Concern
pavetta_hookeriana,110043276,Vulnerable
pavetta_lasioclada,32230,Vulnerable
pavetta_longibrachiata,,
pavetta_molundensis,,
pavetta_neurocarpa,,
pavetta_nitidula,135814674,Least Concern
pavetta_owariensis,110043100,Least Concern
pavetta_owariensis,174412401,Vulnerable
pavetta_staudtii,,
peddiea_africana,146446657,Least Concern
peddiea_fischeri,146221463,Least Concern
penianthus_zenkeri,,
pentabrachion_reticulatum,204817915,Least Concern
pentaclethra_eetveldeana,144293542,Least Concern
pentaclethra_macrophylla,62027239,Least Concern
pentadesma_butyracea,61988986,Least Concern
pentadesma_grandifolia,204805801,Least Concern
pericopsis_elata,33191,Endangered
petersianthus_macrocarpus,62020931,Least Concern
petitiocodon_parviflorum,,
philenoptera_laxiflora,19892919,Least Concern
phoenix_reclinata,67540526,Least Concern
phyllanthus_physocarpus,,
phyllanthus_polyanthus,146440698,Least Concern
phyllanthus_reticulatus,168985,Least Concern
phyllobotryon_spathulatum,,
phyllocosmus_africanus,136110458,Least Concern
phyllocosmus_calothyrsus,204678940,Least Concern
phyllocosmus_sessiliflorus,143713383,Least Concern
picralima_nitida,,
pierreodendron_kerstingii,32281,Vulnerable
piliostigma_thonningii,,
pinacopodium_congolense,204678892,Least Concern
piper_guineense,135815636,Least Concern
piptadeniastrum_africanum,62027343,Least Concern
piptostigma_calophyllum,45419,Vulnerable
piptostigma_fugax,34813,Least Concern
piptostigma_glabrescens,133043006,Near Threatened
piptostigma_macranthum,133043563,Least Concern
piptostigma_mortehanii,133043824,Least Concern
piptostigma_multinervium,133043835,Least Concern
piptostigma_oyemense,32081,Vulnerable
piptostigma_pilosum,133043884,Least Concern
pittosporum_viridiflorum,46455068,Least Concern
placodiscus_attenuatus,32190,Endangered
placodiscus_bancoensis,34814,Vulnerable
placodiscus_boya,33919,Vulnerable
placodiscus_glandulosus,174427709,Near Threatened
placodiscus_opacus,46180,Vulnerable
placodiscus_pseudostipularis,34817,Endangered
plagiocladus_diandrus,174410714,Least Concern
plagiosiphon_emarginatus,144305041,Least Concern
plagiosiphon_gabonensis,32086,Least Concern
plagiosiphon_longitubus,39526,Least Concern
plagiosiphon_multijugus,144305677,Least Concern
plagiostyles_africana,143713288,Least Concern
platysepalum_chevalieri,,
platysepalum_violaceum,156111110,Least Concern
pleiocarpa_bicarpellata,143722782,Least Concern
pleiocarpa_mutica,136110351,Least Concern
pleiocarpa_pycnantha,144305485,Least Concern
pleiocarpa_rostrata,,
podocarpus_milanjianus,42520,Least Concern
poga_oleosa,61984318,Least Concern
poggea_alata,,
pogonophora_letouzeyi,170123562,Least Concern
polyceratocarpus_parviflorus,137006909,Least Concern
polyscias_fulva,146201138,Least Concern
polyscias_quintasii,37551,Endangered
polysphaeria_arbuscula,147042311,Least Concern
pouchetia_africana,156109797,Least Concern
pouchetia_parviflora,,
pouteria_alnifolia,62412,Least Concern
pouteria_altissima,34647,Conservation Dependent
pouteria_pierrei,61966157,Least Concern
premna_angolensis,156110907,Least Concern
premna_hispida,147041093,Least Concern
premna_quadrifolia,158692226,Least Concern
prioria_buchholzii,62026859,Least Concern
prioria_joveri,45879,Vulnerable
prioria_oxyphylla,62027002,Least Concern
pristimera_andongensis,,
prosopis_africana,62027748,Least Concern
protea_madiensis,113210729,Least Concern
protomegabaria_macrophylla,174410764,Least Concern
protomegabaria_stapfiana,143721294,Least Concern
prunus_africana,33631,Vulnerable
pseudagrostistachys_africana,32199,Vulnerable
pseudospondias_longifolia,204803667,Least Concern
pseudospondias_microcarpa,32699,Vulnerable
psorospermum_alternifolium,170064517,Least Concern
psorospermum_aurantiacum,,
psorospermum_corymbiferum,156105119,Least Concern
psorospermum_febrifugum,146208485,Least Concern
psorospermum_staudtii,,
psorospermum_tenuifolium,143722143,Least Concern
psychotria_articulata,,
psychotria_bidentata,154176608,Least Concern
psychotria_brassii,,
psychotria_chalconeura,43890,Least Concern
psychotria_chalconeura,160447680,Endangered
psychotria_cyanopharynx,143723311,Least Concern
psychotria_densinervia,46162,Endangered
psychotria_dermatophylla,143718251,Least Concern
psychotria_djumaensis,147269720,Least Concern
psychotria_eminiana,148938276,Least Concern
psychotria_gabonica,136110244,Least Concern
psychotria_gilletii,143712295,Least Concern
psychotria_guineensis,,
psychotria_lanceifolia,46163,Vulnerable
psychotria_laurentii,,
psychotria_peduncularis,146213952,Least Concern
psychotria_psychotrioides,156106152,Least Concern
psychotria_succulenta,153941415,Least Concern
psychotria_umbellata,,
psychotria_venosa,,
psychotria_vogeliana,156110761,Least Concern
psydrax_arnoldiana,,
psydrax_dunlapii,,
psydrax_palma,,
psydrax_parviflora,103647066,Least Concern
psydrax_parviflora,103647075,Least Concern
psydrax_splendens,174412881,Least Concern
psydrax_subcordata,,
pterocarpus_lucens,19891943,Least Concern
pterocarpus_mildbraedii,62523,Least Concern
pterocarpus_mildbraedii,32904,Vulnerable
pterocarpus_santalinoides,33471,Least Concern
pterocarpus_soyauxii,,
pterygota_bequaertii,33059,Vulnerable
pterygota_macrocarpa,33060,Vulnerable
ptychopetalum_anceps,136112214,Least Concern
ptychopetalum_petiolatum,174408435,Least Concern
pycnanthus_angolensis,61890778,Least Concern
pycnocoma_macrophylla,,
pyrostria_affinis,,
quassia_sanguinea,46182,Vulnerable
radlkofera_calodendron,,
raphia_hookeri,95366666,Least Concern
raphia_palma-pinus,185206,Near Threatened
raphia_regalis,46200,Least Concern
raphia_vinifera,95366816,Least Concern
rauvolfia_caffra,146221735,Least Concern
rauvolfia_letouzeyi,170123705,Least Concern
rauvolfia_vomitoria,144263659,Least Concern
rhaphiostylis_beninensis,136098976,Least Concern
rhaphiostylis_cordifolia,,
rhaptopetalum_beguei,32224,Least Concern
rhaptopetalum_coriaceum,174397971,Least Concern
rhaptopetalum_geophylax,46187,Near Threatened
rhaptopetalum_sindarense,32093,Least Concern
rhizophora_mangle,178851,Least Concern
rhizophora_racemosa,178819,Least Concern
rhodognaphalon_brevicuspe,33218,Vulnerable
rhoicissus_revoilii,146405744,Least Concern
rhopalopilia_pallens,,
ricinodendron_heudelotii,34870,Vulnerable
ricinodendron_heudelotii,62459,Least Concern
ricinus_communis,,
rinorea_albidiflora,,
rinorea_angustifolia,146449084,Least Concern
rinorea_batesii,,
rinorea_brachypetala,,
rinorea_breviracemosa,,
rinorea_campoensis,,
rinorea_cerasifolia,,
rinorea_claessensii,,
rinorea_convallarioides,32637,Vulnerable
rinorea_dentata,,
rinorea_ilicifolia,153251300,Least Concern
rinorea_ilicifolia,205445981,Near Threatened
rinorea_kibbiensis,,
rinorea_leiophylla,,
rinorea_longicuspis,153251577,Least Concern
rinorea_mildbraedii,,
rinorea_oblongifolia,,
rinorea_preussii,,
rinorea_subsessilis,,
rinorea_welwitschii,62497154,Least Concern
ritchiea_albersii,144041434,Least Concern
ritchiea_aprevaliana,,
ritchiea_capparoides,136103111,Least Concern
robynsia_glabrata,34818,Vulnerable
rothmannia_hispida,143720474,Least Concern
rothmannia_longiflora,153937774,Least Concern
rothmannia_lujae,143715799,Least Concern
rothmannia_macrocarpa,,
rothmannia_mayumbensis,,
rothmannia_munsae,,
rothmannia_octomera,143715894,Least Concern
rothmannia_talbotii,143720284,Least Concern
rothmannia_urcelliformis,153940394,Least Concern
rothmannia_whitfieldii,153946525,Least Concern
rourea_coccinea,158457,Least Concern
rourea_coccinea,158104,Least Concern
rourea_minor,,
rourea_thomsonii,144281634,Least Concern
rytigynia_neglecta,,
rytigynia_senegalensis,153946364,Least Concern
rytigynia_umbellulata,,
sacoglottis_gabonensis,62019103,Least Concern
salacia_lehmbachii,36485,Vulnerable
salacia_lehmbachii,36486,Vulnerable
salacia_lehmbachii,36487,Vulnerable
salacia_lehmbachii,62398,Least Concern
salacia_loloensis,170064334,Least Concern
salacia_loloensis,173369317,Endangered
salacia_mannii,,
salacia_pallescens,208169773,Least Concern
salacia_pyriformis,144297529,Least Concern
salacia_stuhlmanniana,,
salix_ledermannii,165197229,Least Concern
salvadora_persica,138472280,Least Concern
samanea_leptophylla,204810939,Least Concern
santiria_trimera,143717236,Least Concern
scaphopetalum_amoenum,136108937,Least Concern
scaphopetalum_blackii,170064719,Least Concern
scaphopetalum_blackii,174400043,Endangered
scaphopetalum_zenkeri,,
schrebera_arborea,156103091,Least Concern
schumanniophyton_magnificum,143715995,Least Concern
schumanniophyton_problematicum,34819,Vulnerable
sclerocroton_cornutus,148938145,Least Concern
scorodophloeus_zenkeri,144293119,Least Concern
scottellia_klaineana,61983444,Least Concern
scyphocephalium_mannii,61890847,Least Concern
scyphocephalium_ochocoa,170124132,Least Concern
scytopetalum_klaineanum,170115102,Least Concern
scytopetalum_pierreanum,204676074,Least Concern
searsia_longipes,153943520,Least Concern
searsia_natalensis,149509219,Least Concern
securidaca_longipedunculata,,
senegalia_ataxacantha,146218274,Least Concern
senegalia_macrostachya,144286715,Least Concern
senegalia_pentagona,165441628,Least Concern
senegalia_polyacantha,,
senna_alexandrina,19375516,Least Concern
senna_petersiana,146208340,Least Concern
senna_podocarpa,,
senna_singueana,146200821,Least Concern
sericanthe_auriculata,,
sericanthe_jacfelicis,,
sesbania_macrantha,146205962,Least Concern
sesbania_sesban,185456,Least Concern
shirakiopsis_elliptica,62004306,Least Concern
sindora_klaineana,204804063,Least Concern
smeathmannia_pubescens,136109026,Least Concern
solanecio_mannii,144312127,Least Concern
solanum_aculeastrum,153946895,Least Concern
solanum_anguivi,101519334,Least Concern
solanum_donianum,,
solanum_incanum,19241279,Least Concern
sophora_tomentosa,153759100,Least Concern
sorindeia_africana,143716155,Least Concern
sorindeia_grandifolia,147043280,Least Concern
sorindeia_juglandifolia,135671176,Least Concern
sorindeia_winkleri,,
soyauxia_floribunda,136103261,Least Concern
soyauxia_gabonensis,170115577,Least Concern
soyauxia_glabrescens,174410084,Least Concern
soyauxia_grandifolia,,
soyauxia_talbotii,191549794,Least Concern
spathandra_blakeoides,170063943,Least Concern
spathandra_blakeoides,174400171,Least Concern
spathodea_campanulata,49196213,Least Concern
spondianthus_preussii,153944973,Least Concern
stachyothyrsus_staudtii,204804129,Least Concern
staudtia_kamerunensis,61891432,Least Concern
steganotaenia_araliacea,146197505,Least Concern
stemonocoleus_micranthus,144295836,Least Concern
sterculia_dawei,146432960,Least Concern
sterculia_oblonga,61787857,Vulnerable
sterculia_rhinopetala,61787987,Least Concern
sterculia_tragacantha,136111481,Least Concern
stereospermum_acuminatissimum,204679031,Least Concern
stereospermum_kunthianum,146213596,Least Concern
streblus_usambarensis,,
strephonema_mannii,204804203,Least Concern
strephonema_pseudocola,136114690,Least Concern
strephonema_sericeum,204809823,Least Concern
strombosia_glaucescens,,
strombosia_grandifolia,,
strombosia_nigropunctata,,
strombosia_pustulata,61918341,Least Concern
strombosia_pustulata,174409152,Near Threatened
strombosia_scheffleri,153940168,Least Concern
strombosia_zenkeri,,
strombosiopsis_sereinii,174409427,Least Concern
strombosiopsis_tetrandra,156107276,Least Concern
strychnos_angolensis,,
strychnos_cocculoides,146206119,Least Concern
strychnos_innocua,146206246,Least Concern
strychnos_spinosa,,
strychnos_staudtii,45888,Vulnerable
strychnos_ternata,174397978,Least Concern
strychnos_usambarensis,,
strychnos_variabilis,204806310,Least Concern
symphonia_globulifera,30595,Data Deficient
symphonia_globulifera,63072,Least Concern
synsepalum_afzelii,136103497,Least Concern
synsepalum_brevipes,120223710,Least Concern
synsepalum_cerasiferum,153927711,Least Concern
synsepalum_dulcificum,87719610,Least Concern
synsepalum_fleuryanum,174452041,Near Threatened
synsepalum_msolo,156098454,Least Concern
synsepalum_passargei,120223732,Least Concern
synsepalum_revolutum,,
synsepalum_seretii,,
synsepalum_stipulatum,147285055,Least Concern
synsepalum_subcordatum,,
syzygium_congolense,,
syzygium_giorgii,137584373,Least Concern
syzygium_guineense,111329734,Least Concern
syzygium_owariense,153943234,Least Concern
syzygium_rowlandii,,
syzygium_staudtii,,
tabernaemontana_africana,136107951,Least Concern
tabernaemontana_brachyantha,204819201,Least Concern
tabernaemontana_contorta,,
tabernaemontana_crassa,136110032,Least Concern
tabernaemontana_letestui,170123847,Least Concern
tabernaemontana_pachysiphon,146206475,Least Concern
tabernaemontana_penduliflora,,
tabernaemontana_ventricosa,146457429,Least Concern
tabernanthe_iboga,120678584,Least Concern
talbotiella_gentii,32201,Critically Endangered
tamarindus_indica,62020997,Least Concern
tapura_africana,170114353,Least Concern
tapura_bouquetiana,170114608,Least Concern
tapura_fischeri,149352162,Least Concern
tapura_ivorensis,32197,Vulnerable
tarenna_conferta,,
tarenna_funebris,,
tarenna_gracilis,154178316,Least Concern
tarenna_grandiflora,143712992,Least Concern
tarenna_jolinonii,,
tarenna_lasiorhachis,,
tarenna_nilotica,,
tarenna_pallidula,143723210,Least Concern
tarenna_pavettoides,154347431,Least Concern
tarenna_pavettoides,154347736,Vulnerable
tarenna_petitii,,
tarenna_precidantenna,,
tarenna_thomasii,154178369,Least Concern
tarenna_vignei,136107862,Least Concern
tephrosia_vogelii,146197294,Least Concern
terminalia_brownii,144286276,Least Concern
terminalia_glaucescens,144305777,Least Concern
terminalia_hylodendron,,
terminalia_ivorensis,33062,Vulnerable
terminalia_laxiflora,144285465,Least Concern
terminalia_macroptera,61990252,Least Concern
terminalia_mollis,146200567,Least Concern
terminalia_superba,,
tessmannia_africana,19891947,Least Concern
tessmannia_anomala,137557404,Least Concern
tessmannia_anomala,137557413,Endangered
tessmannia_anomala,137557340,Least Concern
tessmannia_dewildemaniana,174394568,Least Concern
tessmannia_lescrauwaetii,174394621,Least Concern
testulea_gabonensis,33215,Endangered
tetraberlinia_bifoliolata,62028209,Least Concern
tetraberlinia_longiracemosa,202894351,Least Concern
tetraberlinia_moreliana,202894363,Least Concern
tetraberlinia_polyphylla,202894367,Least Concern
tetracera_affinis,154178486,Least Concern
tetrapleura_tetraptera,62028252,Least Concern
tetrorchidium_didymostemon,136109865,Least Concern
tetrorchidium_oppositifolium,170064138,Least Concern
thecacoris_leptobotrya,,
thecacoris_lucida,,
thecacoris_trichogyne,143712372,Least Concern
thespesia_garckeana,135815815,Least Concern
thespesia_populnea,61788175,Least Concern
thomandersia_congolana,,
thomandersia_hensii,185402,Least Concern
tieghemella_africana,33189,Endangered
tieghemella_heckelii,33063,Endangered
treculia_obovoidea,143656609,Least Concern
tricalysia_amplexicaulis,,
tricalysia_anomala,35492,Vulnerable
tricalysia_anomala,35779,Vulnerable
tricalysia_atherura,46170,Vulnerable
tricalysia_biafrana,,
tricalysia_bifida,,
tricalysia_elliottii,174423990,Least Concern
tricalysia_hensii,,
tricalysia_lasiodelphys,,
tricalysia_longituba,138012703,Least Concern
tricalysia_longituba,138012708,Endangered
tricalysia_obstetrix,32088,Vulnerable
tricalysia_okelensis,156110167,Least Concern
tricalysia_oligoneura,,
tricalysia_pallens,62496564,Least Concern
tricalysia_pangolina,,
tricalysia_reticulata,,
tricalysia_soyauxii,,
trichilia_emetica,146224051,Least Concern
trichilia_martineaui,,
trichilia_rubescens,144288166,Least Concern
trichilia_welwitschii,204810011,Least Concern
trichoscypha_acuminata,143712891,Least Concern
trichoscypha_arborea,136109609,Least Concern
trichoscypha_baldwinii,154178925,Least Concern
trichoscypha_bijuga,39472,Least Concern
trichoscypha_cavalliensis,34824,Vulnerable
trichoscypha_laxiflora,,
trichoscypha_lucens,144287909,Least Concern
trichoscypha_mannii,217475523,Least Concern
trichoscypha_oddonii,143716256,Least Concern
trichoscypha_oliveri,204810631,Least Concern
trichoscypha_patens,204807379,Least Concern
trichoscypha_reygaertii,204818883,Least Concern
trichoscypha_rubicunda,204798335,Least Concern
trichoscypha_smythei,116120811,Least Concern
tridesmostemon_omphalocarpoides,147285222,Least Concern
trilepisium_madagascariense,,
triplochiton_scleroxylon,32174,Least Concern
uapaca_acuminata,143712796,Least Concern
uapaca_guineensis,185570,Least Concern
uapaca_heudelotii,61956641,Least Concern
uapaca_mole,143719623,Least Concern
uapaca_pynaertii,204807622,Least Concern
uapaca_staudtii,170064050,Least Concern
uapaca_togoensis,156110583,Least Concern
uapaca_vanhouttei,204810545,Least Concern
urobotrya_congolana,204807736,Least Concern
uvaria_afzelii,136109520,Least Concern
uvaria_angolensis,146198634,Least Concern
uvaria_doeringii,,
uvaria_ovata,,
uvariastrum_insculptum,133044834,Least Concern
uvariastrum_pierreanum,133044933,Least Concern
uvariastrum_zenkeri,34767,Least Concern
uvariodendron_angustifolium,,
uvariodendron_calophyllum,133045070,Least Concern
uvariodendron_connivens,34766,Near Threatened
uvariodendron_giganteum,45420,Vulnerable
uvariodendron_molundense,133045155,Least Concern
uvariodendron_molundense,172516119,Critically Endangered
uvariodendron_molundense,173359413,Least Concern
uvariopsis_bakeriana,133045364,Least Concern
uvariopsis_congolana,133045403,Least Concern
uvariopsis_dioica,,
uvariopsis_guineensis,85730032,Least Concern
uvariopsis_solheidii,133045483,Least Concern
uvariopsis_tripetala,34669,Least Concern
uvariopsis_vanderystii,45422,Vulnerable
vachellia_amythethophylla,153945158,Least Concern
vachellia_hockii,,
vachellia_seyal,136661595,Least Concern
vachellia_sieberiana,146456445,Least Concern
vangueria_madagascariensis,146447633,Least Concern
vangueriella_chlorantha,,
vangueriella_discolor,,
vangueriella_laxiflora,,
vangueriella_nigerica,147042045,Least Concern
vangueriella_nigricans,,
vangueriella_orthacantha,,
vangueriella_soyauxii,,
vangueriella_spinosa,154179169,Least Concern
vangueriella_vanguerioides,154179273,Least Concern
vangueriopsis_rubiginosa,,
vepris_glaberrima,30447,Near Threatened
vepris_grandifolia,,
vepris_hiernii,,
vepris_lecomteana,46174,Vulnerable
vepris_soyauxii,110084655,Least Concern
vepris_suaveolens,34809,Near Threatened
vepris_tabouensis,,
vepris_verdoorniana,,
vernonia_brazzavillensis,204798269,Least Concern
vernonia_hochstetteri,137407516,Least Concern
vernonia_hochstetteri,137406962,Least Concern
vismia_affinis,,
vismia_guineensis,136109383,Least Concern
vitex_chrysocarpa,153943395,Least Concern
vitex_congolensis,139819632,Least Concern
vitex_doniana,62019854,Least Concern
vitex_ferruginea,34883,Vulnerable
vitex_ferruginea,62563,Least Concern
vitex_grandifolia,136109258,Least Concern
vitex_lehmbachii,,
vitex_madiensis,146206777,Least Concern
vitex_micrantha,62019878,Least Concern
vitex_oxycuspis,139825350,Least Concern
vitex_phaeotricha,,
vitex_rivularis,143718610,Least Concern
vitex_thyrsiflora,143721169,Least Concern
voacanga_africana,,
voacanga_bracteata,147041527,Least Concern
voacanga_caudiflora,154179406,Least Concern
voacanga_psilocalyx,170064798,Least Concern
voacanga_thouarsii,165444858,Least Concern
warneckea_bebaiensis,204797403,Least Concern
warneckea_cauliflora,174400228,Near Threatened
warneckea_cinnamomoides,,
warneckea_fascicularis,,
warneckea_floribunda,204804427,Least Concern
warneckea_guineensis,,
warneckea_jasminoides,143712704,Least Concern
warneckea_memecyloides,34828,Vulnerable
warneckea_pulcherrima,200652,Least Concern
warneckea_sapinii,204819115,Least Concern
ximenia_americana,146188276,Least Concern
xylia_evansii,144285380,Least Concern
xylopia_acutiflora,137016079,Least Concern
xylopia_aethiopica,137017018,Least Concern
xylopia_africana,45423,Vulnerable
xylopia_cupularis,137022000,Least Concern
xylopia_elliotii,34829,Least Concern
xylopia_hypolampra,137022240,Least Concern
xylopia_longipetala,137022596,Least Concern
xylopia_mildbraedii,137024064,Vulnerable
xylopia_phloiodora,,
xylopia_pynaertii,137024434,Least Concern
xylopia_quintasii,136112065,Least Concern
xylopia_rubescens,137024574,Least Concern
xylopia_staudtii,137024733,Least Concern
xylopia_villosa,136109157,Least Concern
zanha_golungensis,146199789,Least Concern
zanthoxylum_gilletii,61958923,Least Concern
zanthoxylum_heitzii,61958959,Least Concern
zanthoxylum_lemairei,,
zanthoxylum_leprieurii,,
zanthoxylum_rubescens,138012984,Least Concern
zanthoxylum_rubescens,138012988,Critically Endangered
zanthoxylum_rubescens,160447900,Least Concern
zanthoxylum_viride,,
zanthoxylum_zanthoxyloides,156104577,Least Concern
zenkerella_citrina,144116054,Least Concern
zeyherella_mayumbensis,,
ziziphus_abyssinica,146200241,Least Concern
ziziphus_mauritiana,147482710,Least Concern
